{
  "project_info": {
    "project_number": "848750716557",
    "project_id": "rehapp-4203a",
    "storage_bucket": "rehapp-4203a.firebasestorage.app"
  },
  "client": [
    {
      "client_info": {
        "mobilesdk_app_id": "1:848750716557:android:3b6466349fec008b8d64c4",
        "android_client_info": {
          "package_name": "com.dam.rehapp"
        }
      },
      "oauth_client": [
        {
          "client_id": "848750716557-4fgovr63qukrvfo5favmvrj8ei8sv1e1.apps.googleusercontent.com",
          "client_type": 3
        }
      ],
      "api_key": [
        {
          "current_key": "AIzaSyCtaV-4RgApQSnWEJ6LbrMLlo0zLbCd50M"
        }
      ],
      "services": {
        "appinvite_service": {
          "other_platform_oauth_client": [
            {
              "client_id": "848750716557-4fgovr63qukrvfo5favmvrj8ei8sv1e1.apps.googleusercontent.com",
              "client_type": 3
            }
          ]
        }
      }
    }
  ],
  "configuration_version": "1"
}